{"cameraMode":{"drawMode":0,"name":"Shaded","section":"Shading Mode"},"sceneLighting":true,"audioPlay":false,"sceneViewState":{"m_AlwaysRefresh":false,"showFog":true,"showSkybox":true,"showFlares":true,"showImageEffects":true,"showParticleSystems":true,"showVisualEffectGraphs":true,"m_FxEnabled":true},"in2DMode":false,"pivot":{"x":0.48524951934814455,"y":0.47654473781585696,"z":-0.9361996650695801},"rotation":{"x":-0.04262880980968475,"y":0.9418835043907166,"z":-0.1307947039604187,"w":-0.3065963387489319},"size":2.481515884399414,"orthographic":false}