{"cameraMode":{"drawMode":0,"name":"Shaded","section":"Shading Mode"},"sceneLighting":true,"audioPlay":false,"sceneViewState":{"m_AlwaysRefresh":false,"showFog":true,"showSkybox":true,"showFlares":true,"showImageEffects":true,"showParticleSystems":true,"showVisualEffectGraphs":true,"m_FxEnabled":true},"in2DMode":false,"pivot":{"x":-2.5148658752441408,"y":0.34728696942329409,"z":2.1840128898620607},"rotation":{"x":-0.36552509665489199,"y":0.06058770790696144,"z":-0.02368544042110443,"w":-0.9285860061645508},"size":2.338628053665161,"orthographic":false}