{"cameraMode":{"drawMode":0,"name":"Shaded","section":"Shading Mode"},"sceneLighting":true,"audioPlay":false,"sceneViewState":{"m_AlwaysRefresh":false,"showFog":true,"showSkybox":true,"showFlares":true,"showImageEffects":true,"showParticleSystems":true,"showVisualEffectGraphs":true,"m_FxEnabled":true},"in2DMode":false,"pivot":{"x":-2.003830909729004,"y":1.0456342697143555,"z":-0.6367063522338867},"rotation":{"x":-0.33381417393684389,"y":0.02884570136666298,"z":-0.010180315934121609,"w":-0.9421803951263428},"size":3.9143600463867189,"orthographic":false}