{"cameraMode":{"drawMode":0,"name":"Shaded","section":"Shading Mode"},"sceneLighting":true,"audioPlay":false,"sceneViewState":{"m_AlwaysRefresh":false,"showFog":true,"showSkybox":true,"showFlares":true,"showImageEffects":true,"showParticleSystems":true,"showVisualEffectGraphs":true,"m_FxEnabled":true},"in2DMode":false,"pivot":{"x":-0.03779318556189537,"y":0.7507509589195252,"z":0.055675849318504336},"rotation":{"x":-0.046377506107091907,"y":0.07246582955121994,"z":-0.0031663754489272835,"w":-0.9963600635528565},"size":2.086331367492676,"orthographic":false}